title,url
Kia Launches EV6 In The Philippines With Complete Ecosystem,https://cleantechnica.com/2023/04/02/kia-launches-ev6-in-the-philippines-with-complete-ecosystem/
"The Ice Cream, A Small $5000 EV, May Spark More EV Interest In The Philippines",https://cleantechnica.com/2023/03/10/the-ice-cream-a-small-5000-ev-may-spark-more-ev-interest-in-the-philippines/
"Used Car Market Forecasted to Exhibit an Incredible Growth of USD 1700,106.13 Million by 2030, Size, Share, Trends, Key Drivers, Demand and Opportunity Analysis",https://finance.yahoo.com/news/used-car-market-forecasted-exhibit-013000187.html
"Proton X90 full details – same Geely looks, 48V hybrid, 6 or 7 seats, still no Apple CarPlay or Android Auto",https://paultan.org/2023/03/29/proton-x90-full-details-same-geely-looks-48v-hybrid-6-or-7-seats-still-no-apple-carplay-or-android-auto/
"Electric Scooters to Continue Skyrocketing in Popularity, Reports IDTechEx",https://finance.yahoo.com/news/electric-scooters-continue-skyrocketing-popularity-110700776.html
"Automotive Sensor Market to Reach USD 55 Billion in 2032, Driven by Applications of Sensors in Vehicle Safety, Report by Market.us",https://finance.yahoo.com/news/automotive-sensor-market-reach-usd-125100093.html
"Automotive Sensors Market to Register Impressive CAGR of 7.2% From 2021 to 2031 Due to Increasing Emphasis on Improving Overall Automotive Performance Globally | Future Market Insights, Inc.",https://finance.yahoo.com/news/automotive-sensors-market-register-impressive-163000933.html
"Advanced Driver-Assistance Systems (ADAS) Market is Likely to Upsurge at USD 114.16 Billion Globally by 2029, Size, Share, Trends, Demand, Growth and Opportunity Analysis",https://www.globenewswire.com/news-release/2023/04/03/2639964/0/en/Advanced-Driver-Assistance-Systems-ADAS-Market-is-Likely-to-Upsurge-at-USD-114-16-Billion-Globally-by-2029-Size-Share-Trends-Demand-Growth-and-Opportunity-Analysis.html
Four and a Half Gasoline Stations,https://urbanomnibus.net/2023/04/four-and-a-half-gasoline-stations/
"Used Car Market Forecasted to Exhibit an Incredible Growth of USD 1700,106.13 Million by 2030, Size, Share, Trends, Key Drivers, Demand and Opportunity Analysis",https://www.globenewswire.com/news-release/2023/04/05/2641295/0/en/Used-Car-Market-Forecasted-to-Exhibit-an-Incredible-Growth-of-USD-1700-106-13-Million-by-2030-Size-Share-Trends-Key-Drivers-Demand-and-Opportunity-Analysis.html
AP News Digest 3:05 a.m.,https://www.independent.co.uk/news/world/europe/ap-republicans-americans-jim-jordan-brooks-koepka-b2315902.html
"Artificial Intelligence Market to Reach US$ 2745 Bn by 2032, North America is Expected to Dominate the Worldwide Market",https://finance.yahoo.com/news/artificial-intelligence-market-reach-us-212000172.html
Desert X review – a severed torso and a sinister detention pen shatter America’s sun-kissed fantasyland,https://www.theguardian.com/artanddesign/2023/mar/09/desert-x-review-california-tyre-nichols-climate-crisis
"Smart Parking Systems Market to be Worth $30.16 Billion by 2030: Grand View Research, Inc.",https://www.prnewswire.co.uk/news-releases/smart-parking-systems-market-to-be-worth-30-16-billion-by-2030-grand-view-research-inc-301772774.html
How Emil Shour Made $250k in his Agency’s Second Year While Growing Niche Sites & More,https://www.nichepursuits.com/emil-shour/
How Keanu Reeves' stunt double became 'John Wick's' action auteur,https://www.latimes.com/entertainment-arts/movies/story/2023-03-24/john-wick-4-chad-stahelski-keanu-reeves
Child’s Play?,https://www.counterpunch.org/2023/03/29/childs-play/
"Automotive Sensors Market to Register Impressive CAGR of 7.2% From 2021 to 2031 Due to Increasing Emphasis on Improving Overall Automotive Performance Globally | Future Market Insights, Inc.",https://www.globenewswire.com/news-release/2023/03/30/2638026/0/en/Automotive-Sensors-Market-to-Register-Impressive-CAGR-of-7-2-From-2021-to-2031-Due-to-Increasing-Emphasis-on-Improving-Overall-Automotive-Performance-Globally-Future-Market-Insight.html
"Smart Parking Systems Market to be Worth $30.16 Billion by 2030: Grand View Research, Inc.",https://www.prnewswire.com/news-releases/smart-parking-systems-market-to-be-worth-30-16-billion-by-2030-grand-view-research-inc-301772772.html
"Artificial Intelligence Market to Reach US$ 2745 Bn by 2032, North America is Expected to Dominate the Worldwide Market",https://www.globenewswire.com/news-release/2023/03/28/2636256/0/en/Artificial-Intelligence-Market-to-Reach-US-2745-Bn-by-2032-North-America-is-Expected-to-Dominate-the-Worldwide-Market.html
"Electric Scooters to Continue Skyrocketing in Popularity, Reports IDTechEx",https://www.prnewswire.com/news-releases/electric-scooters-to-continue-skyrocketing-in-popularity-reports-idtechex-301791002.html
